﻿Id,START,STOP,PATIENT,ORGANIZATION,PAYER,ENCOUNTERCLASS,CODE,DESCRIPTION,BASE_ENCOUNTER_COST,TOTAL_CLAIM_COST,PAYER_COVERAGE,REASONCODE,REASONDESCRIPTION
f70c7401-808c-bf12-2e37-1c67f928f0f5,2022-01-01T00:47:16Z,2022-01-01T01:02:16Z,96fce27e-2abf-c304-9a7c-c8e9dc9b6f67,d78e84ec-30aa-3bba-a33a-f29a3a454662,b1c428d6-4f07-31e0-90f0-68ffa6ff8c76,ambulatory,270427003,Patient-initiated encounter,85.55,14366.49,0,72892002,Normal pregnancy
cb2c6dec-39cc-4be5-2f0c-d90691bebeb0,2022-01-01T02:32:18Z,2022-01-01T02:47:18Z,a8d4b669-31b0-dbf8-74b1-0096127d91d3,d78e84ec-30aa-3bba-a33a-f29a3a454662,b1c428d6-4f07-31e0-90f0-68ffa6ff8c76,ambulatory,185345009,Encounter for symptom,85.55,85.55,0,444814009,Viral sinusitis (disorder)
8195a6e8-7c9e-5d0b-27a1-440164d4f920,2022-01-01T02:59:21Z,2022-01-01T03:14:21Z,5dcb295d-92df-a147-ebcc-aa49b6262830,d78e84ec-30aa-3bba-a33a-f29a3a454662,b1c428d6-4f07-31e0-90f0-68ffa6ff8c76,ambulatory,448337001,Telemedicine consultation with patient,142.58,142.58,0,88805009,Chronic congestive heart failure (disorder)
a47f3895-1712-21d0-ea3f-dd55fec17009,2022-01-01T07:12:10Z,2022-01-01T07:27:10Z,7c1c8f58-7e2d-12cd-bcdf-e5bd5b4afebc,d78e84ec-30aa-3bba-a33a-f29a3a454662,b3221cfc-24fb-339e-823d-bc4136cbc4ed,ambulatory,448337001,Telemedicine consultation with patient,142.58,142.58,40.45,88805009,Chronic congestive heart failure (disorder)
aca99a5d-cbe0-0256-7194-dcd14fbe81b7,2022-01-01T10:44:15Z,2022-01-01T14:22:15Z,1712d26d-822d-1e3a-2267-0a9dba31d7c8,d78e84ec-30aa-3bba-a33a-f29a3a454662,b1c428d6-4f07-31e0-90f0-68ffa6ff8c76,ambulatory,185347001,Encounter for problem (procedure),85.55,568.12,0,,
760cfe27-b568-80e7-4bd6-44b747b46373,2022-01-01T13:44:27Z,2022-01-01T13:59:27Z,a96d5031-46d5-e3f6-ec67-81f8edd48aa8,d78e84ec-30aa-3bba-a33a-f29a3a454662,4d71f845-a6a9-3c39-b242-14d25ef86a8d,outpatient,185349003,Encounter for check up (procedure),85.55,287.31,0,,
3c9ba8ab-b88e-edef-4dc7-139c07388b3b,2022-01-01T18:35:46Z,2022-01-01T18:50:46Z,36412d54-5a49-0dc6-5bab-3749c92f79d9,d78e84ec-30aa-3bba-a33a-f29a3a454662,b1c428d6-4f07-31e0-90f0-68ffa6ff8c76,wellness,162673000,General examination of patient (procedure),136.8,817.67,0,,
d3daf72d-96d7-d706-8a0f-aaa916f9e180,2022-01-01T20:35:37Z,2022-01-01T20:50:37Z,ff1b3c26-53a6-4590-ce79-a3f7269274ea,d78e84ec-30aa-3bba-a33a-f29a3a454662,b1c428d6-4f07-31e0-90f0-68ffa6ff8c76,ambulatory,424619006,Prenatal visit,142.58,15283.05,0,72892002,Normal pregnancy
7be5506a-b0dd-a8a2-c10d-0a3e240640c2,2022-01-01T21:52:02Z,2022-01-01T22:07:02Z,5e055638-0dad-dfd5-005d-1e74b6fd29ac,d78e84ec-30aa-3bba-a33a-f29a3a454662,7caa7254-5050-3b5e-9eae-bd5ea30e809c,outpatient,185349003,Encounter for check up (procedure),85.55,85.55,36.44,,
902cf97c-dcfc-4395-9950-575598bd57b0,2022-01-01T23:36:18Z,2022-01-01T23:51:18Z,e2d8e1ed-6f63-54e2-d14e-8346799e92ef,d78e84ec-30aa-3bba-a33a-f29a3a454662,7caa7254-5050-3b5e-9eae-bd5ea30e809c,ambulatory,448337001,Telemedicine consultation with patient,142.58,142.58,82.06,88805009,Chronic congestive heart failure (disorder)
4f1b0f2d-28bc-70a6-1a21-9ac54f95e6a4,2022-01-02T07:12:10Z,2022-01-02T07:27:10Z,7c1c8f58-7e2d-12cd-bcdf-e5bd5b4afebc,d78e84ec-30aa-3bba-a33a-f29a3a454662,b3221cfc-24fb-339e-823d-bc4136cbc4ed,ambulatory,448337001,Telemedicine consultation with patient,142.58,142.58,40.45,88805009,Chronic congestive heart failure (disorder)
32c83bdc-f948-8fae-86d0-94b69c18876d,2022-01-02T07:25:29Z,2022-01-02T07:40:29Z,701481a6-6d01-4325-4ee4-2b985e642e7b,d78e84ec-30aa-3bba-a33a-f29a3a454662,7caa7254-5050-3b5e-9eae-bd5ea30e809c,ambulatory,316744009,Office Visit,85.55,85.55,36.44,26929004,Alzheimer's disease (disorder)
f0380964-0233-378a-8c14-8debc50bfc67,2022-01-02T07:46:34Z,2022-01-02T08:01:34Z,2147f600-50e5-d6c8-ae1e-930dc97e0664,d78e84ec-30aa-3bba-a33a-f29a3a454662,b1c428d6-4f07-31e0-90f0-68ffa6ff8c76,wellness,162673000,General examination of patient (procedure),136.8,408.8,0,,
b49b00c8-25cb-a5a4-ae48-ddc5e7f7e623,2022-01-02T09:48:47Z,2022-01-02T10:03:47Z,6028f00f-dc23-ac7f-f688-fe9fb412095d,d78e84ec-30aa-3bba-a33a-f29a3a454662,b1c428d6-4f07-31e0-90f0-68ffa6ff8c76,outpatient,185349003,Encounter for check up (procedure),85.55,91.18,0,,
95485b4b-ed00-5610-3aaa-99f2a8ae4d61,2022-01-02T11:11:44Z,2022-01-02T11:26:44Z,40a35599-ab4e-7b04-2759-10e850f9a896,d78e84ec-30aa-3bba-a33a-f29a3a454662,7caa7254-5050-3b5e-9eae-bd5ea30e809c,outpatient,185349003,Encounter for check up (procedure),85.55,306.33,149.06,,
cd655081-d728-72cc-f52e-70514cbf06c7,2022-01-02T12:00:23Z,2022-01-02T12:15:23Z,a920948a-7a64-e642-44b8-605ebcef09b1,d78e84ec-30aa-3bba-a33a-f29a3a454662,7caa7254-5050-3b5e-9eae-bd5ea30e809c,ambulatory,185345009,Encounter for symptom,85.55,131.75,41.4,444814009,Viral sinusitis (disorder)
aea5c769-ba78-c755-6bd5-03cdb4b7232a,2022-01-02T14:42:07Z,2022-01-02T17:44:07Z,9b8ae606-5059-b3a6-19c7-c812901898bb,d78e84ec-30aa-3bba-a33a-f29a3a454662,7caa7254-5050-3b5e-9eae-bd5ea30e809c,ambulatory,185347001,Encounter for problem (procedure),85.55,1418.38,1078.85,,
02c7ea5d-bd19-65bd-4a86-bee310684293,2022-01-02T21:21:15Z,2022-01-02T21:36:15Z,f7be7a15-e966-0b3e-f408-31cf2294f43d,d78e84ec-30aa-3bba-a33a-f29a3a454662,7caa7254-5050-3b5e-9eae-bd5ea30e809c,outpatient,185347001,Encounter for problem (procedure),85.55,85.55,36.44,,
8b311e53-1965-d67b-867c-4488d6b8ff58,2022-01-03T05:05:24Z,2022-01-03T05:20:24Z,10cfe101-812b-77fc-5354-56c22d29b9eb,d78e84ec-30aa-3bba-a33a-f29a3a454662,7caa7254-5050-3b5e-9eae-bd5ea30e809c,ambulatory,185345009,Encounter for symptom,85.55,85.55,36.44,444814009,Viral sinusitis (disorder)
40095f43-5bf9-5382-8f8e-8b7c62b942d1,2022-01-03T05:08:29Z,2022-01-03T05:23:29Z,3b79fa50-ca23-b752-c292-9ba4cac97377,d78e84ec-30aa-3bba-a33a-f29a3a454662,7caa7254-5050-3b5e-9eae-bd5ea30e809c,outpatient,185349003,Encounter for check up (procedure),85.55,747.08,437.66,,
7da8f704-9bb3-27b6-67ab-a5089e1c35f5,2022-01-03T07:09:49Z,2022-01-03T07:24:49Z,ff331e5c-ab16-e218-f39a-63e11de1ed75,d78e84ec-30aa-3bba-a33a-f29a3a454662,b1c428d6-4f07-31e0-90f0-68ffa6ff8c76,urgentcare,702927004,Urgent care clinic (procedure),142.58,24301.07,0,,
976afa00-231a-cd99-9227-693383adc78f,2022-01-03T12:06:19Z,2022-01-03T12:21:19Z,40fd8032-aff7-ec24-bffa-66a09cb2c77d,d78e84ec-30aa-3bba-a33a-f29a3a454662,4d71f845-a6a9-3c39-b242-14d25ef86a8d,ambulatory,439740005,Postoperative follow-up visit (procedure),142.58,142.58,0,254837009,Malignant neoplasm of breast (disorder)
dff92877-4679-30a4-944d-3385b1e0de76,2022-01-03T12:06:19Z,2022-01-04T12:06:19Z,40fd8032-aff7-ec24-bffa-66a09cb2c77d,d78e84ec-30aa-3bba-a33a-f29a3a454662,4d71f845-a6a9-3c39-b242-14d25ef86a8d,inpatient,410410006,Screening surveillance (regime/therapy),146.18,245.33,0,254837009,Malignant neoplasm of breast (disorder)
4771cd7f-4e66-f93f-61d9-5d2eba8bb3da,2022-01-03T12:28:59Z,2022-01-03T12:48:52Z,40fd8032-aff7-ec24-bffa-66a09cb2c77d,d78e84ec-30aa-3bba-a33a-f29a3a454662,4d71f845-a6a9-3c39-b242-14d25ef86a8d,ambulatory,185389009,Follow-up visit (procedure),85.55,8308.93,0,254837009,Malignant neoplasm of breast (disorder)
35afa9d5-debc-01c7-1062-a1a51b9442ba,2022-01-03T14:32:11Z,2022-01-03T15:32:11Z,73babadf-5b2b-fee7-189e-6f41ff213e01,d78e84ec-30aa-3bba-a33a-f29a3a454662,7caa7254-5050-3b5e-9eae-bd5ea30e809c,emergency,50849002,Emergency Encounter,146.18,282.18,193.74,,
4f2fdae9-e355-7cde-b14e-5b6e45ee62da,2022-01-03T17:42:36Z,2022-01-03T20:13:36Z,b17ffd11-c8c2-28aa-0c26-8ddc6bc5957d,d78e84ec-30aa-3bba-a33a-f29a3a454662,7caa7254-5050-3b5e-9eae-bd5ea30e809c,ambulatory,185347001,Encounter for problem (procedure),85.55,880.04,648.29,,
24b54963-9d8b-a330-c190-dd7ede1af145,2022-01-03T17:58:02Z,2022-01-03T21:25:02Z,5e055638-0dad-dfd5-005d-1e74b6fd29ac,d78e84ec-30aa-3bba-a33a-f29a3a454662,7caa7254-5050-3b5e-9eae-bd5ea30e809c,ambulatory,185347001,Encounter for problem (procedure),85.55,627.87,446.24,,
4765aaf6-5999-97ac-bca7-ffbda0303cae,2022-01-03T22:04:02Z,2022-01-03T22:19:02Z,b4671e80-7e87-9260-ca31-6a9397d465d1,d78e84ec-30aa-3bba-a33a-f29a3a454662,7caa7254-5050-3b5e-9eae-bd5ea30e809c,urgentcare,702927004,Urgent care clinic (procedure),142.58,142.58,82.06,,
443977a1-90f2-32a5-ee87-5a99b4e405cb,2022-01-04T02:59:21Z,2022-01-04T03:14:21Z,5dcb295d-92df-a147-ebcc-aa49b6262830,d78e84ec-30aa-3bba-a33a-f29a3a454662,b1c428d6-4f07-31e0-90f0-68ffa6ff8c76,ambulatory,448337001,Telemedicine consultation with patient,142.58,142.58,0,88805009,Chronic congestive heart failure (disorder)
94082b2d-b87a-23cf-db66-eafb6d188d2c,2022-01-04T05:17:51Z,2022-01-04T05:32:51Z,ede3ae85-72c9-2309-b072-30794c3e01c0,d78e84ec-30aa-3bba-a33a-f29a3a454662,b1c428d6-4f07-31e0-90f0-68ffa6ff8c76,outpatient,185349003,Encounter for check up (procedure),85.55,147.87,0,,
09620342-c79d-ad4b-9b3c-d432eb598884,2022-01-04T08:55:02Z,2022-01-04T09:10:02Z,778ba8e5-5f9b-31b7-e3b5-460a32c482b4,d78e84ec-30aa-3bba-a33a-f29a3a454662,7caa7254-5050-3b5e-9eae-bd5ea30e809c,urgentcare,702927004,Urgent care clinic (procedure),142.58,142.58,82.06,,
05f03fb4-503f-d86c-c439-b7d43382c303,2022-01-04T13:19:28Z,2022-01-04T13:34:28Z,20f86dda-a492-2acc-63fb-2c361b0367ed,d78e84ec-30aa-3bba-a33a-f29a3a454662,b1c428d6-4f07-31e0-90f0-68ffa6ff8c76,outpatient,698314001,Consultation for treatment,142.58,152.22,0,,
10e12705-f4b3-f320-6d5d-399433e85ba1,2022-01-04T14:22:15Z,2022-01-04T17:12:15Z,1712d26d-822d-1e3a-2267-0a9dba31d7c8,d78e84ec-30aa-3bba-a33a-f29a3a454662,b1c428d6-4f07-31e0-90f0-68ffa6ff8c76,ambulatory,185347001,Encounter for problem (procedure),85.55,1459.48,0,,
6f85422c-04c4-d2ea-82cf-5818b278f902,2022-01-04T17:12:15Z,2022-01-04T17:27:15Z,1712d26d-822d-1e3a-2267-0a9dba31d7c8,d78e84ec-30aa-3bba-a33a-f29a3a454662,b1c428d6-4f07-31e0-90f0-68ffa6ff8c76,ambulatory,185347001,Encounter for problem (procedure),85.55,234.71,0,,
df398dc6-7d86-1e25-f95b-331c02fe063f,2022-01-05T02:54:11Z,2022-01-05T03:54:11Z,442dc617-c7f2-0513-15cd-c35c4efdba73,d78e84ec-30aa-3bba-a33a-f29a3a454662,7caa7254-5050-3b5e-9eae-bd5ea30e809c,emergency,50849002,Emergency Encounter,146.18,146.18,84.94,,
653487fb-2d30-0d75-8be7-c3a81773ff42,2022-01-05T02:59:21Z,2022-01-05T03:14:21Z,5dcb295d-92df-a147-ebcc-aa49b6262830,d78e84ec-30aa-3bba-a33a-f29a3a454662,b1c428d6-4f07-31e0-90f0-68ffa6ff8c76,ambulatory,448337001,Telemedicine consultation with patient,142.58,142.58,0,88805009,Chronic congestive heart failure (disorder)
60c41077-ae11-933a-953a-5bab51456ef9,2022-01-05T07:12:10Z,2022-01-05T07:27:10Z,7c1c8f58-7e2d-12cd-bcdf-e5bd5b4afebc,d78e84ec-30aa-3bba-a33a-f29a3a454662,b3221cfc-24fb-339e-823d-bc4136cbc4ed,ambulatory,448337001,Telemedicine consultation with patient,142.58,142.58,40.45,88805009,Chronic congestive heart failure (disorder)
35a9c7de-4bac-df6c-98ce-bd72cf3635d8,2022-01-05T08:24:25Z,2022-01-05T08:39:25Z,b4ab9ab3-f52a-751e-a990-3bd5654d5870,d78e84ec-30aa-3bba-a33a-f29a3a454662,7caa7254-5050-3b5e-9eae-bd5ea30e809c,outpatient,185349003,Encounter for check up (procedure),85.55,367.04,229.62,,
f00b3dbb-1f3a-5c3e-91a4-c54fa1f5b4ea,2022-01-05T15:20:55Z,2022-01-05T15:35:55Z,88986fec-6364-262e-37d4-e20ceb511166,d78e84ec-30aa-3bba-a33a-f29a3a454662,7caa7254-5050-3b5e-9eae-bd5ea30e809c,ambulatory,390906007,Follow-up encounter,85.55,234.72,155.77,55822004,Hyperlipidemia
5808213f-7991-3d5e-a00e-f4af5fede495,2022-01-05T16:40:54Z,2022-01-05T16:55:54Z,b02dee58-c356-b1d9-5116-e719fa43e484,d78e84ec-30aa-3bba-a33a-f29a3a454662,b1c428d6-4f07-31e0-90f0-68ffa6ff8c76,ambulatory,394701000,Asthma follow-up,142.58,142.58,0,195967001,Asthma
04c343a0-8efe-294d-8aea-520b90d202fb,2022-01-05T16:58:48Z,2022-01-05T17:58:48Z,3f523789-55f3-bb31-2757-4803ca6a9c2a,d78e84ec-30aa-3bba-a33a-f29a3a454662,b1c428d6-4f07-31e0-90f0-68ffa6ff8c76,emergency,50849002,Emergency Encounter,146.18,27749.94,0,,
12630029-757a-b427-570e-5714129cbea4,2022-01-05T17:44:07Z,2022-01-05T20:04:07Z,9b8ae606-5059-b3a6-19c7-c812901898bb,d78e84ec-30aa-3bba-a33a-f29a3a454662,7caa7254-5050-3b5e-9eae-bd5ea30e809c,ambulatory,185347001,Encounter for problem (procedure),85.55,854.89,628.14,,
ceecd0b4-15c1-a134-044b-f04a6c7e3fc9,2022-01-05T17:55:50Z,2022-01-05T18:55:50Z,a31f5105-476f-b129-fb9a-514cf45a34ac,d78e84ec-30aa-3bba-a33a-f29a3a454662,7caa7254-5050-3b5e-9eae-bd5ea30e809c,emergency,50849002,Emergency Encounter,146.18,146.18,84.94,,
d8d52cd8-80ff-668a-68ed-dd5c0fb66795,2022-01-05T18:23:06Z,2022-01-05T18:54:55Z,1278fd47-3048-8534-9bc5-07a90d596b01,d78e84ec-30aa-3bba-a33a-f29a3a454662,4d71f845-a6a9-3c39-b242-14d25ef86a8d,outpatient,308335008,Patient encounter procedure,142.58,8248.18,0,,
220dcc5e-9fc4-9bc5-8fb4-8681649116a8,2022-01-05T23:36:18Z,2022-01-05T23:51:18Z,e2d8e1ed-6f63-54e2-d14e-8346799e92ef,d78e84ec-30aa-3bba-a33a-f29a3a454662,7caa7254-5050-3b5e-9eae-bd5ea30e809c,ambulatory,448337001,Telemedicine consultation with patient,142.58,142.58,82.06,88805009,Chronic congestive heart failure (disorder)
67624198-31ab-9c68-c60d-009cae21962c,2022-01-06T02:46:05Z,2022-01-06T03:46:05Z,381e16cd-86c8-d369-cd76-2dd9e0b5faf5,d78e84ec-30aa-3bba-a33a-f29a3a454662,7caa7254-5050-3b5e-9eae-bd5ea30e809c,emergency,50849002,Emergency Encounter,146.18,146.18,84.94,,
623ce604-da46-8cf6-fbe4-84856d421b42,2022-01-06T05:44:36Z,2022-01-06T05:59:36Z,0bd4835a-7d93-ed23-85a3-e552ab1c33dc,d78e84ec-30aa-3bba-a33a-f29a3a454662,5059a55e-5d6e-34d1-b6cb-d83d16e57bcf,ambulatory,185345009,Encounter for symptom,85.55,85.55,0,195662009,Acute viral pharyngitis (disorder)
b407f0f0-4af4-ae8f-fb0a-009bb3c9c205,2022-01-06T07:12:10Z,2022-01-06T07:27:10Z,7c1c8f58-7e2d-12cd-bcdf-e5bd5b4afebc,d78e84ec-30aa-3bba-a33a-f29a3a454662,b3221cfc-24fb-339e-823d-bc4136cbc4ed,ambulatory,448337001,Telemedicine consultation with patient,142.58,142.58,40.45,88805009,Chronic congestive heart failure (disorder)
1b58e860-7526-2fef-a407-266c372d319d,2022-01-06T10:00:40Z,2022-01-06T10:15:40Z,1cc1289f-eda2-1cca-3dc9-02b958c16e32,d78e84ec-30aa-3bba-a33a-f29a3a454662,6e2f1a2d-27bd-3701-8d08-dae202c58632,wellness,162673000,General examination of patient (procedure),136.8,785.58,0,,
9b062f5e-fbbf-99fb-7afd-d157547b3df9,2022-01-06T20:13:36Z,2022-01-07T00:03:36Z,b17ffd11-c8c2-28aa-0c26-8ddc6bc5957d,d78e84ec-30aa-3bba-a33a-f29a3a454662,7caa7254-5050-3b5e-9eae-bd5ea30e809c,ambulatory,185347001,Encounter for problem (procedure),85.55,1102.21,825.44,,
6ef68bd7-82d0-65a9-a765-c15af2e34a57,2022-01-06T21:25:02Z,2022-01-07T01:22:02Z,5e055638-0dad-dfd5-005d-1e74b6fd29ac,d78e84ec-30aa-3bba-a33a-f29a3a454662,7caa7254-5050-3b5e-9eae-bd5ea30e809c,ambulatory,185347001,Encounter for problem (procedure),85.55,934.52,691.55,,
0b02bc50-4ac9-eeee-fc19-2fab5b7b7600,2022-01-06T23:36:18Z,2022-01-06T23:51:18Z,e2d8e1ed-6f63-54e2-d14e-8346799e92ef,d78e84ec-30aa-3bba-a33a-f29a3a454662,7caa7254-5050-3b5e-9eae-bd5ea30e809c,ambulatory,448337001,Telemedicine consultation with patient,142.58,142.58,82.06,88805009,Chronic congestive heart failure (disorder)
d4573acd-66b7-9d80-887b-2f44e2ed18a0,2022-01-07T00:03:36Z,2022-01-07T00:18:36Z,b17ffd11-c8c2-28aa-0c26-8ddc6bc5957d,d78e84ec-30aa-3bba-a33a-f29a3a454662,7caa7254-5050-3b5e-9eae-bd5ea30e809c,ambulatory,185347001,Encounter for problem (procedure),85.55,234.71,155.77,,
9b28e744-5c86-bcb0-9dd4-442f8176022c,2022-01-07T05:48:36Z,2022-01-07T06:48:36Z,986ac052-c328-f97f-59a0-7ce571f4ce20,d78e84ec-30aa-3bba-a33a-f29a3a454662,7caa7254-5050-3b5e-9eae-bd5ea30e809c,emergency,50849002,Emergency room admission (procedure),146.18,148.85,84.94,,
180c2837-b193-1a21-5699-5f6148e935d6,2022-01-07T07:12:10Z,2022-01-07T07:27:10Z,7c1c8f58-7e2d-12cd-bcdf-e5bd5b4afebc,d78e84ec-30aa-3bba-a33a-f29a3a454662,b3221cfc-24fb-339e-823d-bc4136cbc4ed,ambulatory,448337001,Telemedicine consultation with patient,142.58,142.58,40.45,88805009,Chronic congestive heart failure (disorder)
1dc770cd-ae58-1d61-8b98-9444e8970e0a,2022-01-07T15:58:58Z,2022-01-07T16:13:58Z,2daa6180-c38d-f9f1-1893-d0c0d40f57ce,d78e84ec-30aa-3bba-a33a-f29a3a454662,b3221cfc-24fb-339e-823d-bc4136cbc4ed,ambulatory,185347001,Encounter for problem,85.55,1459.06,1304.83,88805009,Chronic congestive heart failure (disorder)
ad7bcca3-af86-87b4-73d2-ce18895b3c2b,2022-01-07T16:46:07Z,2022-01-07T17:01:07Z,b1718eb9-d687-b7f6-d6a3-ed99fb61d3f8,d78e84ec-30aa-3bba-a33a-f29a3a454662,7c4411ce-02f1-39b5-b9ec-dfbea9ad3c1a,ambulatory,424619006,Prenatal visit,142.58,13273.14,12552.48,72892002,Normal pregnancy
3f9ab027-a300-8268-9677-c9ce6c8c15c7,2022-01-07T17:12:15Z,2022-01-07T20:11:15Z,1712d26d-822d-1e3a-2267-0a9dba31d7c8,d78e84ec-30aa-3bba-a33a-f29a3a454662,b1c428d6-4f07-31e0-90f0-68ffa6ff8c76,ambulatory,185347001,Encounter for problem (procedure),85.55,1048.15,0,,
78bf7eb6-346b-ea57-c949-ca7c427f583d,2022-01-07T23:36:18Z,2022-01-07T23:51:18Z,e2d8e1ed-6f63-54e2-d14e-8346799e92ef,d78e84ec-30aa-3bba-a33a-f29a3a454662,7caa7254-5050-3b5e-9eae-bd5ea30e809c,ambulatory,448337001,Telemedicine consultation with patient,142.58,142.58,82.06,88805009,Chronic congestive heart failure (disorder)
10c47d64-1290-f1cd-1423-bb18f573ee79,2022-01-08T02:59:21Z,2022-01-08T03:14:21Z,5dcb295d-92df-a147-ebcc-aa49b6262830,d78e84ec-30aa-3bba-a33a-f29a3a454662,b1c428d6-4f07-31e0-90f0-68ffa6ff8c76,ambulatory,448337001,Telemedicine consultation with patient,142.58,142.58,0,88805009,Chronic congestive heart failure (disorder)
99ab1480-f01b-5ee7-734b-1d05c271d8e0,2022-01-08T15:22:40Z,2022-01-08T15:37:40Z,0c5abaaf-01be-55ac-a808-3afc6407fe0b,d78e84ec-30aa-3bba-a33a-f29a3a454662,7caa7254-5050-3b5e-9eae-bd5ea30e809c,outpatient,185349003,Encounter for check up (procedure),85.55,517.16,317.72,,
3cb53445-67c5-97b9-d328-b2adcb1fa293,2022-01-08T20:04:07Z,2022-01-08T23:46:07Z,9b8ae606-5059-b3a6-19c7-c812901898bb,d78e84ec-30aa-3bba-a33a-f29a3a454662,7caa7254-5050-3b5e-9eae-bd5ea30e809c,ambulatory,185347001,Encounter for problem (procedure),85.55,1102.21,826.16,,
1da1bc81-f91a-f530-0cd3-a2a18d58676c,2022-01-08T21:16:09Z,2022-01-08T21:31:09Z,fa53fdfe-9fb4-a535-b49b-3ce0fd0998cd,d78e84ec-30aa-3bba-a33a-f29a3a454662,7c4411ce-02f1-39b5-b9ec-dfbea9ad3c1a,ambulatory,424619006,Prenatal visit,142.58,17805.15,16857.89,72892002,Normal pregnancy
aeaeb535-ee71-18c0-563d-c7db066e61e6,2022-01-08T22:55:31Z,2022-01-08T23:10:31Z,66024135-2cc9-0ee8-046d-3df3a62774da,d78e84ec-30aa-3bba-a33a-f29a3a454662,5059a55e-5d6e-34d1-b6cb-d83d16e57bcf,outpatient,33879002,Administration of vaccine to produce active immunity (procedure),142.58,278.58,0,,
f52841d6-fa76-ebd6-e4f6-b49ae3938ff7,2022-01-09T02:59:21Z,2022-01-09T03:14:21Z,5dcb295d-92df-a147-ebcc-aa49b6262830,d78e84ec-30aa-3bba-a33a-f29a3a454662,b1c428d6-4f07-31e0-90f0-68ffa6ff8c76,ambulatory,448337001,Telemedicine consultation with patient,142.58,142.58,0,88805009,Chronic congestive heart failure (disorder)
ba53caf2-3b14-c051-7a65-61e89d73fe4e,2022-01-09T05:11:07Z,2022-01-09T05:26:07Z,9b8ae606-5059-b3a6-19c7-c812901898bb,d78e84ec-30aa-3bba-a33a-f29a3a454662,7caa7254-5050-3b5e-9eae-bd5ea30e809c,outpatient,185349003,Encounter for check up (procedure),85.55,85.55,36.44,,
5cb4185c-7484-47cc-ccfc-469af6140337,2022-01-09T05:15:27Z,2022-01-09T05:30:27Z,587e7054-29d1-8d0e-a9d3-adc00db3441f,d78e84ec-30aa-3bba-a33a-f29a3a454662,7caa7254-5050-3b5e-9eae-bd5ea30e809c,ambulatory,390906007,Follow-up encounter,85.55,234.72,155.77,55822004,Hyperlipidemia
89983a52-76c8-43f2-eeb5-3d0d0049accf,2022-01-09T07:12:10Z,2022-01-09T07:27:10Z,7c1c8f58-7e2d-12cd-bcdf-e5bd5b4afebc,d78e84ec-30aa-3bba-a33a-f29a3a454662,b3221cfc-24fb-339e-823d-bc4136cbc4ed,ambulatory,448337001,Telemedicine consultation with patient,142.58,142.58,40.45,88805009,Chronic congestive heart failure (disorder)
92d73e43-a67f-ca50-51d0-43ee0357bc91,2022-01-09T07:37:17Z,2022-01-09T07:52:17Z,de60a9e4-1334-6078-c1f1-e5083bb20361,d78e84ec-30aa-3bba-a33a-f29a3a454662,b1c428d6-4f07-31e0-90f0-68ffa6ff8c76,urgentcare,702927004,Urgent care clinic (procedure),142.58,142.58,0,,
826b883c-58f2-ee51-afbd-9db2479a09db,2022-01-09T10:36:30Z,2022-01-09T11:36:30Z,817efce8-3d2a-48a1-6d79-8505d24df078,d78e84ec-30aa-3bba-a33a-f29a3a454662,7caa7254-5050-3b5e-9eae-bd5ea30e809c,emergency,50849002,Emergency Room Admission,146.18,146.18,84.94,55680006,Drug overdose
24827462-1730-d18a-d083-2e089dd53f6c,2022-01-09T11:15:35Z,2022-01-09T12:15:35Z,3b66a28f-3d17-6260-d733-82b0951bb03d,d78e84ec-30aa-3bba-a33a-f29a3a454662,7caa7254-5050-3b5e-9eae-bd5ea30e809c,emergency,50849002,Emergency Encounter,146.18,282.18,193.74,,
c7b1286b-be18-d12d-12ae-a2cf8c4366ab,2022-01-09T20:09:38Z,2022-01-09T20:24:38Z,a2b011b1-ca0a-69fa-6906-6c06ad18376a,d78e84ec-30aa-3bba-a33a-f29a3a454662,7caa7254-5050-3b5e-9eae-bd5ea30e809c,ambulatory,185349003,Encounter for 'check-up',85.55,85.55,36.44,263102004,Fracture subluxation of wrist
f3d2625d-648f-ddee-d9eb-95c2b4646d73,2022-01-09T20:14:30Z,2022-01-09T20:29:30Z,df607b64-3d5e-5795-1646-edd2ccf55192,d78e84ec-30aa-3bba-a33a-f29a3a454662,b1c428d6-4f07-31e0-90f0-68ffa6ff8c76,urgentcare,702927004,Urgent care clinic (procedure),142.58,142.58,0,,
7e469cfa-9812-7f48-83ae-c29aa1ab83ea,2022-01-09T23:36:18Z,2022-01-09T23:51:18Z,e2d8e1ed-6f63-54e2-d14e-8346799e92ef,d78e84ec-30aa-3bba-a33a-f29a3a454662,7caa7254-5050-3b5e-9eae-bd5ea30e809c,ambulatory,448337001,Telemedicine consultation with patient,142.58,142.58,82.06,88805009,Chronic congestive heart failure (disorder)
aeb5c6ad-67d5-893a-9174-d6b12f1dc23e,2022-01-10T00:03:36Z,2022-01-10T03:19:36Z,b17ffd11-c8c2-28aa-0c26-8ddc6bc5957d,d78e84ec-30aa-3bba-a33a-f29a3a454662,7caa7254-5050-3b5e-9eae-bd5ea30e809c,ambulatory,185347001,Encounter for problem (procedure),85.55,1328.37,1007.01,,
215c1cb6-b409-8154-6cf4-82bf1adadab6,2022-01-10T00:47:16Z,2022-01-10T01:02:16Z,96fce27e-2abf-c304-9a7c-c8e9dc9b6f67,d78e84ec-30aa-3bba-a33a-f29a3a454662,b1c428d6-4f07-31e0-90f0-68ffa6ff8c76,ambulatory,424619006,Prenatal visit,142.58,1635.9,0,72892002,Normal pregnancy
abc25140-5df8-3645-f2f5-f63ec8ed2960,2022-01-10T01:22:02Z,2022-01-10T05:01:02Z,5e055638-0dad-dfd5-005d-1e74b6fd29ac,d78e84ec-30aa-3bba-a33a-f29a3a454662,7caa7254-5050-3b5e-9eae-bd5ea30e809c,ambulatory,185347001,Encounter for problem (procedure),85.55,941.63,697.15,,
540b6792-64f2-7086-1e93-a323b181e9fe,2022-01-10T02:59:21Z,2022-01-10T03:14:21Z,5dcb295d-92df-a147-ebcc-aa49b6262830,d78e84ec-30aa-3bba-a33a-f29a3a454662,b1c428d6-4f07-31e0-90f0-68ffa6ff8c76,ambulatory,448337001,Telemedicine consultation with patient,142.58,142.58,0,88805009,Chronic congestive heart failure (disorder)
f098e7f7-9270-c105-4d16-734a9bbe7ff5,2022-01-10T07:09:49Z,2022-01-10T07:24:49Z,ff331e5c-ab16-e218-f39a-63e11de1ed75,d78e84ec-30aa-3bba-a33a-f29a3a454662,b1c428d6-4f07-31e0-90f0-68ffa6ff8c76,outpatient,185349003,Encounter for check up (procedure),85.55,33294.05,0,,
787bcee1-9050-2316-5578-7ed8dd02e399,2022-01-10T07:12:10Z,2022-01-10T07:27:10Z,7c1c8f58-7e2d-12cd-bcdf-e5bd5b4afebc,d78e84ec-30aa-3bba-a33a-f29a3a454662,b3221cfc-24fb-339e-823d-bc4136cbc4ed,ambulatory,448337001,Telemedicine consultation with patient,142.58,142.58,40.45,88805009,Chronic congestive heart failure (disorder)
e5f6b822-2798-96ce-4904-3e42e43456bc,2022-01-10T20:09:34Z,2022-01-10T20:24:34Z,370fa5c5-3ef3-b549-600c-3fd4cee3b400,d78e84ec-30aa-3bba-a33a-f29a3a454662,7c4411ce-02f1-39b5-b9ec-dfbea9ad3c1a,ambulatory,424619006,Prenatal visit,142.58,9156.87,8642.03,72892002,Normal pregnancy
d29cdbbd-7d83-e843-7c9f-2a35f01976e4,2022-01-10T20:11:15Z,2022-01-10T22:25:15Z,1712d26d-822d-1e3a-2267-0a9dba31d7c8,d78e84ec-30aa-3bba-a33a-f29a3a454662,b1c428d6-4f07-31e0-90f0-68ffa6ff8c76,ambulatory,185347001,Encounter for problem (procedure),85.55,1269.28,0,,
774303c8-77ec-5971-0d93-7a1dd4ae0e6d,2022-01-10T22:04:02Z,2022-01-10T22:19:02Z,b4671e80-7e87-9260-ca31-6a9397d465d1,d78e84ec-30aa-3bba-a33a-f29a3a454662,7caa7254-5050-3b5e-9eae-bd5ea30e809c,outpatient,185349003,Encounter for check up (procedure),85.55,465.35,308.26,,
27e37485-b39f-e309-4ed7-77b14bdca38d,2022-01-10T23:36:18Z,2022-01-10T23:51:18Z,e2d8e1ed-6f63-54e2-d14e-8346799e92ef,d78e84ec-30aa-3bba-a33a-f29a3a454662,7caa7254-5050-3b5e-9eae-bd5ea30e809c,ambulatory,448337001,Telemedicine consultation with patient,142.58,142.58,82.06,88805009,Chronic congestive heart failure (disorder)
c7aab41d-18c7-ce2d-4218-cab923c368d7,2022-01-11T02:59:21Z,2022-01-11T03:14:21Z,5dcb295d-92df-a147-ebcc-aa49b6262830,d78e84ec-30aa-3bba-a33a-f29a3a454662,b1c428d6-4f07-31e0-90f0-68ffa6ff8c76,ambulatory,448337001,Telemedicine consultation with patient,142.58,142.58,0,88805009,Chronic congestive heart failure (disorder)
38d42da6-e5aa-25b8-9df1-3c48b9d42dc1,2022-01-11T10:48:57Z,2022-01-11T11:03:57Z,e16d71a8-dd31-4df2-c53c-e34726854b7c,d78e84ec-30aa-3bba-a33a-f29a3a454662,7caa7254-5050-3b5e-9eae-bd5ea30e809c,ambulatory,185347001,Encounter for problem,85.55,10137.22,8077.78,109838007,Overlapping malignant neoplasm of colon
17b142f4-006e-db8d-ce32-3f26c84b3f48,2022-01-11T11:20:27Z,2022-01-11T11:35:27Z,a1a14aea-af43-1eec-bb7b-e7ca6ebc569b,d78e84ec-30aa-3bba-a33a-f29a3a454662,d47b3510-2895-3b70-9897-342d681c769d,outpatient,185349003,Encounter for check up (procedure),85.55,132.34,0,,
401917c3-558e-9f92-e2af-a204904f66a8,2022-01-11T11:24:18Z,2022-01-11T11:39:18Z,4d55540d-c43d-e6e8-5364-ec2509df31e3,d78e84ec-30aa-3bba-a33a-f29a3a454662,047f6ec3-6215-35eb-9608-f9dda363a44c,ambulatory,185345009,Encounter for symptom,85.55,85.55,0,444814009,Viral sinusitis (disorder)
5e6e682a-3eb8-1261-5b92-ac0cd11f57b0,2022-01-11T13:21:51Z,2022-01-11T13:36:51Z,78af5d1b-9e8a-3e1b-dbc5-ab09520896fa,d78e84ec-30aa-3bba-a33a-f29a3a454662,6e2f1a2d-27bd-3701-8d08-dae202c58632,wellness,162673000,General examination of patient (procedure),136.8,1680.95,585.71,,
feb5e62c-3b59-4203-23ed-49758e5ccb53,2022-01-11T13:31:10Z,2022-01-11T13:46:10Z,2aa3ac2a-88c6-3253-547d-6d8ed69790a3,d78e84ec-30aa-3bba-a33a-f29a3a454662,b1c428d6-4f07-31e0-90f0-68ffa6ff8c76,urgentcare,702927004,Urgent care clinic (procedure),142.58,19289.42,0,,
f6a321b2-9f09-ad51-294d-19cb09ba685f,2022-01-11T15:23:00Z,2022-01-11T15:38:00Z,5427845a-82ab-b6c9-e70b-aeb672ddd5d7,d78e84ec-30aa-3bba-a33a-f29a3a454662,7caa7254-5050-3b5e-9eae-bd5ea30e809c,urgentcare,702927004,Urgent care clinic (procedure),142.58,17786.72,14197.38,,
9fcb1082-8237-4f64-54d6-151e59ea16ac,2022-01-11T21:01:04Z,2022-01-11T22:01:04Z,63dd8d79-f75f-a1b2-2d68-9a5840f469ce,d78e84ec-30aa-3bba-a33a-f29a3a454662,7c4411ce-02f1-39b5-b9ec-dfbea9ad3c1a,emergency,183460006,Obstetric emergency hospital admission,146.18,8242.86,7773.72,72892002,Normal pregnancy
e4d169a6-13e3-6906-07aa-284c62e81376,2022-01-11T23:46:07Z,2022-01-12T02:07:07Z,9b8ae606-5059-b3a6-19c7-c812901898bb,d78e84ec-30aa-3bba-a33a-f29a3a454662,7caa7254-5050-3b5e-9eae-bd5ea30e809c,ambulatory,185347001,Encounter for problem (procedure),85.55,646.88,461.67,,
c80ebf52-a27b-0ac7-bd29-ca1b5e0c2a78,2022-01-12T00:35:04Z,2022-01-12T00:50:04Z,0d624a9d-fd1c-c62a-a1ac-b851d0329d28,d78e84ec-30aa-3bba-a33a-f29a3a454662,4d71f845-a6a9-3c39-b242-14d25ef86a8d,outpatient,185347001,Encounter for problem (procedure),85.55,85.55,0,,
35dfa623-9800-edea-f0f2-ed09af88b2bd,2022-01-12T02:07:07Z,2022-01-12T02:22:07Z,9b8ae606-5059-b3a6-19c7-c812901898bb,d78e84ec-30aa-3bba-a33a-f29a3a454662,7caa7254-5050-3b5e-9eae-bd5ea30e809c,ambulatory,185347001,Encounter for problem (procedure),85.55,234.71,155.77,,
f790b872-7255-a0aa-d445-30239511c869,2022-01-12T02:54:11Z,2022-01-12T03:09:11Z,442dc617-c7f2-0513-15cd-c35c4efdba73,d78e84ec-30aa-3bba-a33a-f29a3a454662,7caa7254-5050-3b5e-9eae-bd5ea30e809c,urgentcare,702927004,Urgent care clinic (procedure),142.58,142.58,82.06,,
14890fd1-986d-7118-7ffe-b2af1fc7b7d9,2022-01-12T02:59:21Z,2022-01-12T03:14:21Z,5dcb295d-92df-a147-ebcc-aa49b6262830,d78e84ec-30aa-3bba-a33a-f29a3a454662,b1c428d6-4f07-31e0-90f0-68ffa6ff8c76,ambulatory,448337001,Telemedicine consultation with patient,142.58,142.58,0,88805009,Chronic congestive heart failure (disorder)
4233fff8-32f0-a2e5-d1e5-1f7828ba69e4,2022-01-12T07:12:10Z,2022-01-12T07:27:10Z,7c1c8f58-7e2d-12cd-bcdf-e5bd5b4afebc,d78e84ec-30aa-3bba-a33a-f29a3a454662,b3221cfc-24fb-339e-823d-bc4136cbc4ed,ambulatory,448337001,Telemedicine consultation with patient,142.58,142.58,40.45,88805009,Chronic congestive heart failure (disorder)
94db0a76-5609-3b6c-02a8-315500e05efd,2022-01-12T11:14:39Z,2022-01-12T11:29:39Z,04439011-6a76-8606-1879-2a630330d1d1,d78e84ec-30aa-3bba-a33a-f29a3a454662,b1c428d6-4f07-31e0-90f0-68ffa6ff8c76,outpatient,185347001,Encounter for problem (procedure),85.55,85.55,0,,
9d329ba9-4bd4-191b-e937-019a6f87b820,2022-01-12T14:10:16Z,2022-01-12T15:10:16Z,df2da558-d276-40cb-eb61-625cf617935d,d78e84ec-30aa-3bba-a33a-f29a3a454662,7caa7254-5050-3b5e-9eae-bd5ea30e809c,emergency,230690007,Stroke,146.18,28364.38,22613.22,,
02826839-6137-78de-4274-a80876cfd8c3,2022-01-12T16:58:48Z,2022-01-12T17:58:48Z,3f523789-55f3-bb31-2757-4803ca6a9c2a,d78e84ec-30aa-3bba-a33a-f29a3a454662,b1c428d6-4f07-31e0-90f0-68ffa6ff8c76,emergency,50849002,Emergency Encounter,146.18,25514.03,0,,
b36e58ea-94ff-6deb-0a6e-27ef4f0daf39,2022-01-13T03:19:36Z,2022-01-13T06:50:36Z,b17ffd11-c8c2-28aa-0c26-8ddc6bc5957d,d78e84ec-30aa-3bba-a33a-f29a3a454662,7caa7254-5050-3b5e-9eae-bd5ea30e809c,ambulatory,185347001,Encounter for problem (procedure),85.55,967.24,718.35,,
add42b52-c6ff-d09b-15f3-433cc317c297,2022-01-13T05:01:02Z,2022-01-13T08:04:02Z,5e055638-0dad-dfd5-005d-1e74b6fd29ac,d78e84ec-30aa-3bba-a33a-f29a3a454662,7caa7254-5050-3b5e-9eae-bd5ea30e809c,ambulatory,185347001,Encounter for problem (procedure),85.55,1196.23,900.94,,
1707585b-de52-897c-2c4d-52af8afbc4bb,2022-01-13T07:12:10Z,2022-01-13T07:27:10Z,7c1c8f58-7e2d-12cd-bcdf-e5bd5b4afebc,d78e84ec-30aa-3bba-a33a-f29a3a454662,b3221cfc-24fb-339e-823d-bc4136cbc4ed,ambulatory,448337001,Telemedicine consultation with patient,142.58,142.58,40.45,88805009,Chronic congestive heart failure (disorder)
cb093201-1a7e-82b3-5bd8-4784ced77269,2022-01-13T08:04:02Z,2022-01-13T08:19:02Z,5e055638-0dad-dfd5-005d-1e74b6fd29ac,d78e84ec-30aa-3bba-a33a-f29a3a454662,7caa7254-5050-3b5e-9eae-bd5ea30e809c,ambulatory,185347001,Encounter for problem (procedure),85.55,234.71,155.77,,
1b2b56f6-dc41-d3b7-99ae-9b7571eeca31,2022-01-13T15:46:57Z,2022-01-13T16:01:57Z,b4ee06c2-e92b-e8e5-faf0-06d27a030aa8,d78e84ec-30aa-3bba-a33a-f29a3a454662,7caa7254-5050-3b5e-9eae-bd5ea30e809c,ambulatory,185345009,Encounter for symptom,85.55,299.41,204.58,10509002,Acute bronchitis (disorder)
74dc2d97-51d7-44c3-29e4-86cd4a617fcd,2022-01-13T22:25:15Z,2022-01-14T00:48:15Z,1712d26d-822d-1e3a-2267-0a9dba31d7c8,d78e84ec-30aa-3bba-a33a-f29a3a454662,b1c428d6-4f07-31e0-90f0-68ffa6ff8c76,ambulatory,185347001,Encounter for problem (procedure),85.55,842.12,0,,
3dc9a089-b598-0731-d8bd-0af5e4d70a46,2022-01-14T02:59:21Z,2022-01-14T03:14:21Z,5dcb295d-92df-a147-ebcc-aa49b6262830,d78e84ec-30aa-3bba-a33a-f29a3a454662,b1c428d6-4f07-31e0-90f0-68ffa6ff8c76,ambulatory,448337001,Telemedicine consultation with patient,142.58,142.58,0,88805009,Chronic congestive heart failure (disorder)
5a7ae35d-254f-f79e-42b3-476026ee6a54,2022-01-14T09:27:52Z,2022-01-14T09:42:52Z,19e7fef9-9b88-ebb5-7704-b238be88f5fc,d78e84ec-30aa-3bba-a33a-f29a3a454662,b1c428d6-4f07-31e0-90f0-68ffa6ff8c76,outpatient,185349003,Encounter for check up (procedure),85.55,135.46,0,,
14b434e7-75b8-ca51-50f6-0c7113eac8dc,2022-01-14T10:12:13Z,2022-01-14T10:27:13Z,6443e813-1b9b-620c-f7de-af77f9d02733,d78e84ec-30aa-3bba-a33a-f29a3a454662,7caa7254-5050-3b5e-9eae-bd5ea30e809c,urgentcare,702927004,Urgent care clinic (procedure),142.58,142.58,82.06,,
63b0654f-2101-8a3a-f4a1-53e8f12e279e,2022-01-14T16:31:52Z,2022-01-14T16:58:17Z,2b551657-ff45-aef8-b16e-fd0da9e331cd,d78e84ec-30aa-3bba-a33a-f29a3a454662,42c4fca7-f8a9-3cd1-982a-dd9751bf3e2a,ambulatory,185349003,Encounter for 'check-up',85.55,10818.67,0,,
142436bf-85e2-8ee2-6804-3d65ef7f45ae,2022-01-14T23:36:18Z,2022-01-14T23:51:18Z,e2d8e1ed-6f63-54e2-d14e-8346799e92ef,d78e84ec-30aa-3bba-a33a-f29a3a454662,7caa7254-5050-3b5e-9eae-bd5ea30e809c,ambulatory,448337001,Telemedicine consultation with patient,142.58,142.58,82.06,88805009,Chronic congestive heart failure (disorder)
60e003fa-ae9a-f07f-dc7f-b8ba5668f393,2022-01-15T02:07:07Z,2022-01-15T05:46:07Z,9b8ae606-5059-b3a6-19c7-c812901898bb,d78e84ec-30aa-3bba-a33a-f29a3a454662,7caa7254-5050-3b5e-9eae-bd5ea30e809c,ambulatory,185347001,Encounter for problem (procedure),85.55,686.38,492.74,,
a6eb3606-bf71-0c3b-e0dc-efaa9dae4924,2022-01-15T02:59:21Z,2022-01-15T03:14:21Z,5dcb295d-92df-a147-ebcc-aa49b6262830,d78e84ec-30aa-3bba-a33a-f29a3a454662,b1c428d6-4f07-31e0-90f0-68ffa6ff8c76,ambulatory,448337001,Telemedicine consultation with patient,142.58,142.58,0,88805009,Chronic congestive heart failure (disorder)
5ecb8bd7-8577-894e-8062-955e133781c4,2022-01-15T05:10:17Z,2022-01-15T05:25:17Z,99c69605-c30c-1a8e-05f8-70ce9d849103,d78e84ec-30aa-3bba-a33a-f29a3a454662,7caa7254-5050-3b5e-9eae-bd5ea30e809c,ambulatory,390906007,Follow-up encounter,85.55,234.72,155.77,55822004,Hyperlipidemia
337fd4eb-6399-0ce0-a49c-bb9ca0ac3643,2022-01-15T07:12:10Z,2022-01-15T07:27:10Z,7c1c8f58-7e2d-12cd-bcdf-e5bd5b4afebc,d78e84ec-30aa-3bba-a33a-f29a3a454662,b3221cfc-24fb-339e-823d-bc4136cbc4ed,ambulatory,448337001,Telemedicine consultation with patient,142.58,142.58,40.45,88805009,Chronic congestive heart failure (disorder)
11d3e90f-ae07-401b-b5b0-5b623051dcd6,2022-01-15T23:36:18Z,2022-01-15T23:51:18Z,e2d8e1ed-6f63-54e2-d14e-8346799e92ef,d78e84ec-30aa-3bba-a33a-f29a3a454662,7caa7254-5050-3b5e-9eae-bd5ea30e809c,ambulatory,448337001,Telemedicine consultation with patient,142.58,142.58,82.06,88805009,Chronic congestive heart failure (disorder)
c62f23db-275d-210b-6235-5f0438d0a2ac,2022-01-16T02:59:21Z,2022-01-16T03:14:21Z,5dcb295d-92df-a147-ebcc-aa49b6262830,d78e84ec-30aa-3bba-a33a-f29a3a454662,b1c428d6-4f07-31e0-90f0-68ffa6ff8c76,ambulatory,448337001,Telemedicine consultation with patient,142.58,142.58,0,88805009,Chronic congestive heart failure (disorder)
923d582f-3459-eb94-6733-ded0f48766ee,2022-01-16T04:36:29Z,2022-01-16T04:51:29Z,414982b9-1a0b-1c7c-9dd1-00fca01a4ade,d78e84ec-30aa-3bba-a33a-f29a3a454662,6e2f1a2d-27bd-3701-8d08-dae202c58632,wellness,162673000,General examination of patient (procedure),136.8,914.78,686.09,,
8fee1da3-2064-48d9-acdb-85a0869092c6,2022-01-16T04:36:29Z,2022-01-16T04:51:29Z,414982b9-1a0b-1c7c-9dd1-00fca01a4ade,d78e84ec-30aa-3bba-a33a-f29a3a454662,6e2f1a2d-27bd-3701-8d08-dae202c58632,ambulatory,185349003,Encounter for 'check-up',85.55,18845.46,14077.85,,
7d6be56d-3950-836e-3298-070804678478,2022-01-16T06:50:36Z,2022-01-16T10:02:36Z,b17ffd11-c8c2-28aa-0c26-8ddc6bc5957d,d78e84ec-30aa-3bba-a33a-f29a3a454662,7caa7254-5050-3b5e-9eae-bd5ea30e809c,ambulatory,185347001,Encounter for problem (procedure),85.55,1164.23,875.37,,
cbfc9219-a422-9cfa-a5e3-5cdc8b82ff10,2022-01-16T07:12:10Z,2022-01-16T07:27:10Z,7c1c8f58-7e2d-12cd-bcdf-e5bd5b4afebc,d78e84ec-30aa-3bba-a33a-f29a3a454662,b3221cfc-24fb-339e-823d-bc4136cbc4ed,ambulatory,448337001,Telemedicine consultation with patient,142.58,142.58,40.45,88805009,Chronic congestive heart failure (disorder)
d3ff13ab-1427-9824-3208-5b4d8ede6371,2022-01-16T07:37:17Z,2022-01-16T07:52:17Z,de60a9e4-1334-6078-c1f1-e5083bb20361,d78e84ec-30aa-3bba-a33a-f29a3a454662,b1c428d6-4f07-31e0-90f0-68ffa6ff8c76,outpatient,185349003,Encounter for check up (procedure),85.55,451.2,0,,
9da54201-0c23-8121-6177-2d0ab9d5876c,2022-01-16T08:04:02Z,2022-01-16T11:22:02Z,5e055638-0dad-dfd5-005d-1e74b6fd29ac,d78e84ec-30aa-3bba-a33a-f29a3a454662,7caa7254-5050-3b5e-9eae-bd5ea30e809c,ambulatory,185347001,Encounter for problem (procedure),85.55,1047.62,782.09,,
0443ce32-4321-a762-507a-08b9b0c82094,2022-01-16T09:41:31Z,2022-01-16T09:56:31Z,6a377869-21cd-94d2-395d-155b999f4eac,d78e84ec-30aa-3bba-a33a-f29a3a454662,b1c428d6-4f07-31e0-90f0-68ffa6ff8c76,urgentcare,702927004,Urgent care clinic (procedure),142.58,142.58,0,,
bf06313b-19e5-1102-7fe8-5195b4e4e1a1,2022-01-16T11:15:35Z,2022-01-16T12:15:35Z,3b66a28f-3d17-6260-d733-82b0951bb03d,d78e84ec-30aa-3bba-a33a-f29a3a454662,7caa7254-5050-3b5e-9eae-bd5ea30e809c,emergency,50849002,Emergency Encounter,146.18,146.18,84.94,,
9b9b711c-4162-c7ed-2f01-c54eedda69d5,2022-01-16T20:14:30Z,2022-01-16T20:29:30Z,df607b64-3d5e-5795-1646-edd2ccf55192,d78e84ec-30aa-3bba-a33a-f29a3a454662,b1c428d6-4f07-31e0-90f0-68ffa6ff8c76,urgentcare,702927004,Urgent care clinic (procedure),142.58,142.58,0,,
42f464dd-ec0a-f7fc-e41c-0d4cca26bf8d,2022-01-16T23:36:18Z,2022-01-16T23:51:18Z,e2d8e1ed-6f63-54e2-d14e-8346799e92ef,d78e84ec-30aa-3bba-a33a-f29a3a454662,7caa7254-5050-3b5e-9eae-bd5ea30e809c,ambulatory,448337001,Telemedicine consultation with patient,142.58,142.58,82.06,88805009,Chronic congestive heart failure (disorder)
47c8dd37-9c1c-c2f8-8f8c-97111d59f15e,2022-01-17T00:48:15Z,2022-01-17T03:11:15Z,1712d26d-822d-1e3a-2267-0a9dba31d7c8,d78e84ec-30aa-3bba-a33a-f29a3a454662,b1c428d6-4f07-31e0-90f0-68ffa6ff8c76,ambulatory,185347001,Encounter for problem (procedure),85.55,888.86,0,,
876b8959-1047-40ef-a9bc-37497bc42675,2022-01-17T07:12:10Z,2022-01-17T07:27:10Z,7c1c8f58-7e2d-12cd-bcdf-e5bd5b4afebc,d78e84ec-30aa-3bba-a33a-f29a3a454662,b3221cfc-24fb-339e-823d-bc4136cbc4ed,ambulatory,448337001,Telemedicine consultation with patient,142.58,142.58,40.45,88805009,Chronic congestive heart failure (disorder)
868635cd-63f2-6ee0-3ac6-a18427fc3d95,2022-01-17T07:13:05Z,2022-01-17T07:28:05Z,ab3fd21f-2823-04a5-a4ce-5311023199e1,d78e84ec-30aa-3bba-a33a-f29a3a454662,7caa7254-5050-3b5e-9eae-bd5ea30e809c,urgentcare,702927004,Urgent care clinic (procedure),142.58,142.58,82.06,,
c7bea01e-bc1d-39e4-3abe-f01a83472890,2022-01-17T11:27:26Z,2022-01-18T11:27:26Z,72998151-b924-f8fd-4c02-45a4cfbb73ed,d78e84ec-30aa-3bba-a33a-f29a3a454662,7caa7254-5050-3b5e-9eae-bd5ea30e809c,inpatient,410410006,Screening surveillance (regime/therapy),146.18,273.52,186.82,254837009,Malignant neoplasm of breast (disorder)
45224753-cc84-0de2-2fca-3cd7ec476c7b,2022-01-17T11:44:42Z,2022-01-18T11:44:42Z,72998151-b924-f8fd-4c02-45a4cfbb73ed,d78e84ec-30aa-3bba-a33a-f29a3a454662,7caa7254-5050-3b5e-9eae-bd5ea30e809c,inpatient,310061009,Gynecology service (qualifier value),146.18,2453.38,1930.7,254837009,Malignant neoplasm of breast (disorder)
abe72d4d-c519-dda1-bcb1-6d6da8efdea1,2022-01-17T11:55:15Z,2022-01-17T12:10:15Z,93ccd840-7437-b0ab-ed34-3b55a83bc976,d78e84ec-30aa-3bba-a33a-f29a3a454662,b3221cfc-24fb-339e-823d-bc4136cbc4ed,ambulatory,185345009,Encounter for symptom,85.55,85.55,0,444814009,Viral sinusitis (disorder)
cc9ecad4-315a-5da7-e7cc-ef6e5b33755d,2022-01-17T13:53:11Z,2022-01-17T14:08:11Z,71da4401-2034-80cb-d797-ad90cee5649e,d78e84ec-30aa-3bba-a33a-f29a3a454662,b1c428d6-4f07-31e0-90f0-68ffa6ff8c76,outpatient,185349003,Encounter for check up (procedure),85.55,366.76,0,,
f4c4cfda-9b48-afdd-8bd4-6382457fce10,2022-01-17T21:08:08Z,2022-01-17T21:23:08Z,a174097b-11ea-96c5-97ce-706e648954d6,d78e84ec-30aa-3bba-a33a-f29a3a454662,d47b3510-2895-3b70-9897-342d681c769d,wellness,162673000,General examination of patient (procedure),136.8,921.58,0,,
44b85792-c22c-fbcd-8ed6-82ce3ca6285a,2022-01-17T23:36:18Z,2022-01-17T23:51:18Z,e2d8e1ed-6f63-54e2-d14e-8346799e92ef,d78e84ec-30aa-3bba-a33a-f29a3a454662,7caa7254-5050-3b5e-9eae-bd5ea30e809c,ambulatory,448337001,Telemedicine consultation with patient,142.58,142.58,82.06,88805009,Chronic congestive heart failure (disorder)
9c8f5a60-2a33-eb62-fc9f-ba41fc8d2698,2022-01-18T00:21:50Z,2022-01-18T00:36:50Z,cfed4dfb-1b23-e237-2af6-c3863f134f00,d78e84ec-30aa-3bba-a33a-f29a3a454662,5059a55e-5d6e-34d1-b6cb-d83d16e57bcf,urgentcare,702927004,Urgent care clinic (procedure),142.58,142.58,0,,
ce5ae135-8af9-f3bb-934b-67a9c2acc80a,2022-01-18T02:59:21Z,2022-01-18T03:14:21Z,5dcb295d-92df-a147-ebcc-aa49b6262830,d78e84ec-30aa-3bba-a33a-f29a3a454662,b1c428d6-4f07-31e0-90f0-68ffa6ff8c76,ambulatory,448337001,Telemedicine consultation with patient,142.58,142.58,0,88805009,Chronic congestive heart failure (disorder)
d4e53b2b-ddc1-1a68-3610-73909448a793,2022-01-18T05:46:07Z,2022-01-18T08:42:07Z,9b8ae606-5059-b3a6-19c7-c812901898bb,d78e84ec-30aa-3bba-a33a-f29a3a454662,7caa7254-5050-3b5e-9eae-bd5ea30e809c,ambulatory,185347001,Encounter for problem (procedure),85.55,1521.93,1161.84,,
61990060-4191-38f7-fa4b-b3a8c2d7fd51,2022-01-18T07:12:10Z,2022-01-18T07:27:10Z,7c1c8f58-7e2d-12cd-bcdf-e5bd5b4afebc,d78e84ec-30aa-3bba-a33a-f29a3a454662,b3221cfc-24fb-339e-823d-bc4136cbc4ed,ambulatory,448337001,Telemedicine consultation with patient,142.58,142.58,40.45,88805009,Chronic congestive heart failure (disorder)
4e84fcb3-63cc-7637-0d9b-7c4f196afe59,2022-01-18T09:44:57Z,2022-01-18T09:59:57Z,8885aba5-afce-9e3b-0c1d-a684a347b5fb,d78e84ec-30aa-3bba-a33a-f29a3a454662,b1c428d6-4f07-31e0-90f0-68ffa6ff8c76,ambulatory,185345009,Encounter for symptom,85.55,85.55,0,444814009,Viral sinusitis (disorder)
2d5570ae-1444-8298-207c-8a06851d6276,2022-01-18T15:23:00Z,2022-01-18T15:38:00Z,5427845a-82ab-b6c9-e70b-aeb672ddd5d7,d78e84ec-30aa-3bba-a33a-f29a3a454662,7caa7254-5050-3b5e-9eae-bd5ea30e809c,urgentcare,702927004,Urgent care clinic (procedure),142.58,22062.57,17618.06,,
dc7d4295-b760-d4d7-f747-df8e801035c6,2022-01-18T23:36:18Z,2022-01-18T23:51:18Z,e2d8e1ed-6f63-54e2-d14e-8346799e92ef,d78e84ec-30aa-3bba-a33a-f29a3a454662,7caa7254-5050-3b5e-9eae-bd5ea30e809c,ambulatory,448337001,Telemedicine consultation with patient,142.58,142.58,82.06,88805009,Chronic congestive heart failure (disorder)
2f7fcc14-d195-2a64-daac-7d0436bf5f2a,2022-01-18T23:56:20Z,2022-01-19T00:11:20Z,54889029-0a1e-0b75-5980-1c091dd4bc0e,d78e84ec-30aa-3bba-a33a-f29a3a454662,7caa7254-5050-3b5e-9eae-bd5ea30e809c,ambulatory,390906007,Follow-up encounter,85.55,234.72,155.77,55822004,Hyperlipidemia
852e1df4-4777-22ab-3957-9e94c0b8324a,2022-01-19T02:54:11Z,2022-01-19T03:09:11Z,442dc617-c7f2-0513-15cd-c35c4efdba73,d78e84ec-30aa-3bba-a33a-f29a3a454662,7caa7254-5050-3b5e-9eae-bd5ea30e809c,urgentcare,702927004,Urgent care clinic (procedure),142.58,142.58,82.06,,
22f77985-1645-9f59-6fb4-d9082478d09f,2022-01-19T02:59:21Z,2022-01-19T03:14:21Z,5dcb295d-92df-a147-ebcc-aa49b6262830,d78e84ec-30aa-3bba-a33a-f29a3a454662,b1c428d6-4f07-31e0-90f0-68ffa6ff8c76,ambulatory,448337001,Telemedicine consultation with patient,142.58,142.58,0,88805009,Chronic congestive heart failure (disorder)
8ca3b3e2-0d17-7c3d-c96b-042fb0299ace,2022-01-19T07:12:10Z,2022-01-19T07:27:10Z,7c1c8f58-7e2d-12cd-bcdf-e5bd5b4afebc,d78e84ec-30aa-3bba-a33a-f29a3a454662,b3221cfc-24fb-339e-823d-bc4136cbc4ed,ambulatory,448337001,Telemedicine consultation with patient,142.58,142.58,40.45,88805009,Chronic congestive heart failure (disorder)
90683d09-2e50-2c8a-94d9-68ddf78f0995,2022-01-19T08:24:25Z,2022-01-19T09:24:25Z,b4ab9ab3-f52a-751e-a990-3bd5654d5870,d78e84ec-30aa-3bba-a33a-f29a3a454662,7caa7254-5050-3b5e-9eae-bd5ea30e809c,emergency,50849002,Emergency Encounter,146.18,146.18,84.94,,
725db6ab-b75b-24e6-8fc0-51856f7e92bf,2022-01-19T10:02:36Z,2022-01-19T13:06:36Z,b17ffd11-c8c2-28aa-0c26-8ddc6bc5957d,d78e84ec-30aa-3bba-a33a-f29a3a454662,7caa7254-5050-3b5e-9eae-bd5ea30e809c,ambulatory,185347001,Encounter for problem (procedure),85.55,1409.76,1071.44,,
bcf60aad-cf30-b87a-af9d-f416dba85d5e,2022-01-19T10:29:45Z,2022-01-19T11:29:45Z,24524043-5b78-4bcb-24f5-008183d2bf95,d78e84ec-30aa-3bba-a33a-f29a3a454662,d47b3510-2895-3b70-9897-342d681c769d,emergency,50849002,Emergency room admission (procedure),146.18,149.54,0,,
03fff81f-0a7d-b533-17e7-1f496ae0cf41,2022-01-19T11:22:02Z,2022-01-19T14:10:02Z,5e055638-0dad-dfd5-005d-1e74b6fd29ac,d78e84ec-30aa-3bba-a33a-f29a3a454662,7caa7254-5050-3b5e-9eae-bd5ea30e809c,ambulatory,185347001,Encounter for problem (procedure),85.55,1273.74,963.34,,
be013ede-c6ad-fc16-6606-32ebdde119ae,2022-01-19T16:58:48Z,2022-01-19T17:13:48Z,3f523789-55f3-bb31-2757-4803ca6a9c2a,d78e84ec-30aa-3bba-a33a-f29a3a454662,b1c428d6-4f07-31e0-90f0-68ffa6ff8c76,urgentcare,702927004,Urgent care clinic (procedure),142.58,19305.12,0,,
60a11402-1297-3137-ca75-66ee6af0a1bc,2022-01-19T20:02:10Z,2022-01-19T20:17:10Z,a6edb3a5-9e0c-380d-b42e-6b98720ee617,d78e84ec-30aa-3bba-a33a-f29a3a454662,b1c428d6-4f07-31e0-90f0-68ffa6ff8c76,outpatient,185349003,Encounter for check up (procedure),85.55,312.27,0,,
a9c57b4e-bac0-5060-c83b-3b3642feea58,2022-01-19T23:36:18Z,2022-01-19T23:51:18Z,e2d8e1ed-6f63-54e2-d14e-8346799e92ef,d78e84ec-30aa-3bba-a33a-f29a3a454662,7caa7254-5050-3b5e-9eae-bd5ea30e809c,ambulatory,448337001,Telemedicine consultation with patient,142.58,142.58,82.06,88805009,Chronic congestive heart failure (disorder)
26335bb8-8bdf-4e45-293b-b78b4e6a76fb,2022-01-20T00:50:24Z,2022-01-20T01:05:43Z,1c035e9d-e300-9bbd-e20f-c4f4e817907f,d78e84ec-30aa-3bba-a33a-f29a3a454662,7c4411ce-02f1-39b5-b9ec-dfbea9ad3c1a,outpatient,308335008,Patient encounter procedure,142.58,2580.96,2394.91,,
6b022bf4-9617-9480-6b25-46a563c38b10,2022-01-20T02:59:21Z,2022-01-20T03:14:21Z,5dcb295d-92df-a147-ebcc-aa49b6262830,d78e84ec-30aa-3bba-a33a-f29a3a454662,b1c428d6-4f07-31e0-90f0-68ffa6ff8c76,ambulatory,448337001,Telemedicine consultation with patient,142.58,142.58,0,88805009,Chronic congestive heart failure (disorder)
8bd026d0-a7f0-d699-cddf-09eb995367a5,2022-01-20T03:11:15Z,2022-01-20T06:12:15Z,1712d26d-822d-1e3a-2267-0a9dba31d7c8,d78e84ec-30aa-3bba-a33a-f29a3a454662,b1c428d6-4f07-31e0-90f0-68ffa6ff8c76,ambulatory,185347001,Encounter for problem (procedure),85.55,957.3,0,,
6131892b-9ab9-c671-68e5-ee29297bfba1,2022-01-20T11:19:12Z,2022-01-20T11:34:12Z,55ae23ff-e1b5-2722-0304-85667b3dad8b,d78e84ec-30aa-3bba-a33a-f29a3a454662,5059a55e-5d6e-34d1-b6cb-d83d16e57bcf,ambulatory,394701000,Asthma follow-up,142.58,142.58,0,195967001,Asthma
8905bd70-d9bc-8d07-de27-321825a4a7ac,2022-01-20T13:44:57Z,2022-01-20T13:59:57Z,8885aba5-afce-9e3b-0c1d-a684a347b5fb,d78e84ec-30aa-3bba-a33a-f29a3a454662,b1c428d6-4f07-31e0-90f0-68ffa6ff8c76,outpatient,185349003,Encounter for check up (procedure),85.55,85.55,0,,
577538ea-e1f5-14e0-72e0-a90ead8f8b21,2022-01-20T19:48:49Z,2022-01-20T20:51:02Z,8c8b1ea1-917e-77ef-a82a-c024a11a4f12,d78e84ec-30aa-3bba-a33a-f29a3a454662,42c4fca7-f8a9-3cd1-982a-dd9751bf3e2a,outpatient,308335008,Patient encounter procedure,142.58,5692.84,0,,
5d322b26-27fd-7fb1-6668-a16c31282c99,2022-01-20T23:36:18Z,2022-01-20T23:51:18Z,e2d8e1ed-6f63-54e2-d14e-8346799e92ef,d78e84ec-30aa-3bba-a33a-f29a3a454662,7caa7254-5050-3b5e-9eae-bd5ea30e809c,ambulatory,448337001,Telemedicine consultation with patient,142.58,142.58,82.06,88805009,Chronic congestive heart failure (disorder)
54d11df7-3df1-e4a7-ad60-946c0dc75859,2022-01-21T02:59:21Z,2022-01-21T03:14:21Z,5dcb295d-92df-a147-ebcc-aa49b6262830,d78e84ec-30aa-3bba-a33a-f29a3a454662,b1c428d6-4f07-31e0-90f0-68ffa6ff8c76,ambulatory,448337001,Telemedicine consultation with patient,142.58,142.58,0,88805009,Chronic congestive heart failure (disorder)
41f98c59-869a-41fb-c50d-d6ce205a13c4,2022-01-21T03:38:29Z,2022-01-21T03:53:29Z,7c96fd5c-ae3d-308a-a9ee-948ab47860f9,d78e84ec-30aa-3bba-a33a-f29a3a454662,b1c428d6-4f07-31e0-90f0-68ffa6ff8c76,urgentcare,702927004,Urgent care clinic (procedure),142.58,142.58,0,,
9cbc3c57-ee57-34c3-2e7e-7601796d2543,2022-01-21T07:12:10Z,2022-01-21T07:27:10Z,7c1c8f58-7e2d-12cd-bcdf-e5bd5b4afebc,d78e84ec-30aa-3bba-a33a-f29a3a454662,b3221cfc-24fb-339e-823d-bc4136cbc4ed,ambulatory,448337001,Telemedicine consultation with patient,142.58,142.58,40.45,88805009,Chronic congestive heart failure (disorder)
00262cfb-5257-81ea-70e3-f176d9186ef5,2022-01-21T08:17:28Z,2022-01-21T09:17:28Z,4ccb1d0f-6861-58a2-dde4-983716f6349b,d78e84ec-30aa-3bba-a33a-f29a3a454662,7caa7254-5050-3b5e-9eae-bd5ea30e809c,emergency,230690007,Stroke,146.18,24733.14,19708.54,,
b671d9e3-4398-a83f-90e8-16c08399dd22,2022-01-21T08:42:07Z,2022-01-21T10:43:07Z,9b8ae606-5059-b3a6-19c7-c812901898bb,d78e84ec-30aa-3bba-a33a-f29a3a454662,7caa7254-5050-3b5e-9eae-bd5ea30e809c,ambulatory,185347001,Encounter for problem (procedure),85.55,1248.97,943.4,,
ddbf16e7-f0df-6ba2-8e97-abc9a51a9790,2022-01-21T10:12:13Z,2022-01-21T10:27:13Z,6443e813-1b9b-620c-f7de-af77f9d02733,d78e84ec-30aa-3bba-a33a-f29a3a454662,7caa7254-5050-3b5e-9eae-bd5ea30e809c,urgentcare,702927004,Urgent care clinic (procedure),142.58,142.58,82.06,,
43adf8ac-07a1-0ed4-418a-429287b3591c,2022-01-21T12:31:10Z,2022-01-21T12:46:10Z,59dff29d-f177-6a8c-2693-c78f8e52995f,d78e84ec-30aa-3bba-a33a-f29a3a454662,7caa7254-5050-3b5e-9eae-bd5ea30e809c,urgentcare,702927004,Urgent care clinic (procedure),142.58,142.58,82.06,,
aa5670fa-e4df-8bef-dadb-bd593f92b104,2022-01-21T21:34:23Z,2022-01-21T21:49:23Z,c6e38dde-3d7b-da88-92f8-8e98bf4d58ca,d78e84ec-30aa-3bba-a33a-f29a3a454662,b1c428d6-4f07-31e0-90f0-68ffa6ff8c76,ambulatory,424619006,Prenatal visit,142.58,22781.95,0,72892002,Normal pregnancy
dfa7cbb8-ce6a-ac7b-7335-11594f39bbf6,2022-01-21T23:43:14Z,2022-01-21T23:58:14Z,50723ad0-36ac-615b-14dc-ca93019aba6b,d78e84ec-30aa-3bba-a33a-f29a3a454662,d47b3510-2895-3b70-9897-342d681c769d,urgentcare,702927004,Urgent care clinic (procedure),142.58,142.58,0,,
004fc010-d063-3670-9778-a4e492f16353,2022-01-22T07:12:10Z,2022-01-22T07:27:10Z,7c1c8f58-7e2d-12cd-bcdf-e5bd5b4afebc,d78e84ec-30aa-3bba-a33a-f29a3a454662,b3221cfc-24fb-339e-823d-bc4136cbc4ed,ambulatory,448337001,Telemedicine consultation with patient,142.58,142.58,40.45,88805009,Chronic congestive heart failure (disorder)
196baa47-5b06-699b-ae26-f0ad2eefbd39,2022-01-22T13:06:36Z,2022-01-22T16:10:36Z,b17ffd11-c8c2-28aa-0c26-8ddc6bc5957d,d78e84ec-30aa-3bba-a33a-f29a3a454662,7caa7254-5050-3b5e-9eae-bd5ea30e809c,ambulatory,185347001,Encounter for problem (procedure),85.55,1159.29,871.79,,
10c60c86-b368-2b6c-798f-4bc0a50aa7f5,2022-01-22T13:44:27Z,2022-01-22T13:59:27Z,a96d5031-46d5-e3f6-ec67-81f8edd48aa8,d78e84ec-30aa-3bba-a33a-f29a3a454662,4d71f845-a6a9-3c39-b242-14d25ef86a8d,urgentcare,702927004,Urgent care clinic (procedure),142.58,142.58,0,,
c4ca216f-7f9b-0e30-9345-d9ecdfb69f12,2022-01-22T14:10:02Z,2022-01-22T17:21:02Z,5e055638-0dad-dfd5-005d-1e74b6fd29ac,d78e84ec-30aa-3bba-a33a-f29a3a454662,7caa7254-5050-3b5e-9eae-bd5ea30e809c,ambulatory,185347001,Encounter for problem (procedure),85.55,1434.45,1091.92,,
a5a5909d-b340-e48b-f5e4-6f7565406d5f,2022-01-22T18:12:33Z,2022-01-22T18:27:33Z,b190fd1c-295d-b2de-7844-f1836f081dc0,d78e84ec-30aa-3bba-a33a-f29a3a454662,6e2f1a2d-27bd-3701-8d08-dae202c58632,ambulatory,424619006,Prenatal visit,142.58,11404.27,8496.95,72892002,Normal pregnancy
af8485a1-e642-fa80-899b-6578dc0fc6d1,2022-01-22T18:28:39Z,2022-01-22T18:43:39Z,5bd6c434-6f51-6e53-4d0f-8d3889f377da,d78e84ec-30aa-3bba-a33a-f29a3a454662,7caa7254-5050-3b5e-9eae-bd5ea30e809c,ambulatory,390906007,Follow-up encounter,85.55,234.72,155.77,55822004,Hyperlipidemia
cb30ada4-91b8-cced-e855-8ef2dcb563cc,2022-01-22T20:54:19Z,2022-01-22T21:09:19Z,e0f9b98c-f983-cba1-9095-0e48d10f0195,d78e84ec-30aa-3bba-a33a-f29a3a454662,047f6ec3-6215-35eb-9608-f9dda363a44c,ambulatory,185345009,Encounter for symptom,85.55,85.55,0,444814009,Viral sinusitis (disorder)
f47d4f83-ecd4-b813-4dff-11d8c31fc711,2022-01-22T23:36:18Z,2022-01-22T23:51:18Z,e2d8e1ed-6f63-54e2-d14e-8346799e92ef,d78e84ec-30aa-3bba-a33a-f29a3a454662,7caa7254-5050-3b5e-9eae-bd5ea30e809c,ambulatory,448337001,Telemedicine consultation with patient,142.58,142.58,82.06,88805009,Chronic congestive heart failure (disorder)
893c2ed7-2da8-569e-f7d1-508af21fb3f2,2022-01-23T06:12:15Z,2022-01-23T10:11:15Z,1712d26d-822d-1e3a-2267-0a9dba31d7c8,d78e84ec-30aa-3bba-a33a-f29a3a454662,b1c428d6-4f07-31e0-90f0-68ffa6ff8c76,ambulatory,185347001,Encounter for problem (procedure),85.55,861.46,0,,
4ba94083-9cf3-df5d-4c4b-a5eec43a499d,2022-01-23T07:12:10Z,2022-01-23T07:27:10Z,7c1c8f58-7e2d-12cd-bcdf-e5bd5b4afebc,d78e84ec-30aa-3bba-a33a-f29a3a454662,b3221cfc-24fb-339e-823d-bc4136cbc4ed,ambulatory,448337001,Telemedicine consultation with patient,142.58,142.58,40.45,88805009,Chronic congestive heart failure (disorder)
1d7b8f50-177f-0d8c-e0c7-a96dcde3ee12,2022-01-23T09:48:47Z,2022-01-23T10:03:47Z,6028f00f-dc23-ac7f-f688-fe9fb412095d,d78e84ec-30aa-3bba-a33a-f29a3a454662,b1c428d6-4f07-31e0-90f0-68ffa6ff8c76,outpatient,185349003,Encounter for check up (procedure),85.55,291.8,0,,
66bdad2d-3267-e2c0-3abc-c89671181bb7,2022-01-23T12:47:16Z,2022-01-23T13:02:16Z,b8e39f41-bde3-70ce-4ebf-01b1e13bbb53,d78e84ec-30aa-3bba-a33a-f29a3a454662,b1c428d6-4f07-31e0-90f0-68ffa6ff8c76,outpatient,185347001,Encounter for problem (procedure),85.55,85.55,0,,
3102b3e7-cfe9-5999-c2d4-f9e5bbf4e0d2,2022-01-23T16:09:45Z,2022-01-23T16:24:45Z,b0c95bfd-adc4-8910-a75d-e208879c975d,d78e84ec-30aa-3bba-a33a-f29a3a454662,7caa7254-5050-3b5e-9eae-bd5ea30e809c,outpatient,185349003,Encounter for check up (procedure),85.55,25910.13,20588.26,,
03977ff3-f892-9de9-646a-f583380a0225,2022-01-23T16:50:46Z,2022-01-23T17:05:46Z,37448778-ee2f-f420-1dc0-cb6b5e147025,d78e84ec-30aa-3bba-a33a-f29a3a454662,b1c428d6-4f07-31e0-90f0-68ffa6ff8c76,urgentcare,702927004,Urgent care clinic (procedure),142.58,42833.78,0,,
cfe517a2-4498-6086-a029-4119e5f8bdb8,2022-01-23T20:14:30Z,2022-01-23T20:29:30Z,df607b64-3d5e-5795-1646-edd2ccf55192,d78e84ec-30aa-3bba-a33a-f29a3a454662,b1c428d6-4f07-31e0-90f0-68ffa6ff8c76,urgentcare,702927004,Urgent care clinic (procedure),142.58,142.58,0,,
7b73b9d0-4f7e-92cc-fd2e-802417196847,2022-01-23T23:36:18Z,2022-01-23T23:51:18Z,e2d8e1ed-6f63-54e2-d14e-8346799e92ef,d78e84ec-30aa-3bba-a33a-f29a3a454662,7caa7254-5050-3b5e-9eae-bd5ea30e809c,ambulatory,448337001,Telemedicine consultation with patient,142.58,142.58,82.06,88805009,Chronic congestive heart failure (disorder)
3d21c8f4-3ea6-3ab8-b7a3-220d859b5552,2022-01-24T07:12:10Z,2022-01-24T07:27:10Z,7c1c8f58-7e2d-12cd-bcdf-e5bd5b4afebc,d78e84ec-30aa-3bba-a33a-f29a3a454662,b3221cfc-24fb-339e-823d-bc4136cbc4ed,ambulatory,448337001,Telemedicine consultation with patient,142.58,142.58,40.45,88805009,Chronic congestive heart failure (disorder)
c27e7484-0c41-1332-560d-270e1d33ce56,2022-01-24T18:32:18Z,2022-01-24T18:47:18Z,a8d4b669-31b0-dbf8-74b1-0096127d91d3,d78e84ec-30aa-3bba-a33a-f29a3a454662,b1c428d6-4f07-31e0-90f0-68ffa6ff8c76,outpatient,185347001,Encounter for problem (procedure),85.55,85.55,0,,
2a672800-9702-f424-1f28-c00018a47a09,2022-01-24T19:09:10Z,2022-01-24T19:24:10Z,44f7e37c-273c-cf1b-4812-a64f0cf052ca,d78e84ec-30aa-3bba-a33a-f29a3a454662,b1c428d6-4f07-31e0-90f0-68ffa6ff8c76,outpatient,185349003,Encounter for check up (procedure),85.55,39370.33,0,,
e050c331-4830-4cb9-fb84-14ee7a817901,2022-01-24T22:04:02Z,2022-01-24T22:19:02Z,b4671e80-7e87-9260-ca31-6a9397d465d1,d78e84ec-30aa-3bba-a33a-f29a3a454662,7caa7254-5050-3b5e-9eae-bd5ea30e809c,urgentcare,702927004,Urgent care clinic (procedure),142.58,142.58,82.06,,
d1ef0f72-d621-ed26-ebb1-d3f752aaa2c3,2022-01-24T23:36:18Z,2022-01-24T23:51:18Z,e2d8e1ed-6f63-54e2-d14e-8346799e92ef,d78e84ec-30aa-3bba-a33a-f29a3a454662,7caa7254-5050-3b5e-9eae-bd5ea30e809c,ambulatory,448337001,Telemedicine consultation with patient,142.58,142.58,82.06,88805009,Chronic congestive heart failure (disorder)
5be73cfd-3631-ba15-1a3d-55fef8aba3c5,2022-01-25T00:21:50Z,2022-01-25T00:36:50Z,cfed4dfb-1b23-e237-2af6-c3863f134f00,d78e84ec-30aa-3bba-a33a-f29a3a454662,5059a55e-5d6e-34d1-b6cb-d83d16e57bcf,urgentcare,702927004,Urgent care clinic (procedure),142.58,142.58,0,,
5f786790-c231-821b-bbf7-b97d75f3d08e,2022-01-25T00:43:16Z,2022-01-25T01:43:16Z,b7030cea-cd53-4db0-55d0-9b30750f2192,d78e84ec-30aa-3bba-a33a-f29a3a454662,7caa7254-5050-3b5e-9eae-bd5ea30e809c,emergency,50849002,Emergency room admission (procedure),146.18,8115.92,6457.7,,
40324854-963b-5ffb-84a1-cf3f08837914,2022-01-25T07:12:10Z,2022-01-25T07:27:10Z,7c1c8f58-7e2d-12cd-bcdf-e5bd5b4afebc,d78e84ec-30aa-3bba-a33a-f29a3a454662,b3221cfc-24fb-339e-823d-bc4136cbc4ed,ambulatory,448337001,Telemedicine consultation with patient,142.58,142.58,40.45,88805009,Chronic congestive heart failure (disorder)
bb5887c8-7292-124a-21c1-82066788ee44,2022-01-25T10:36:30Z,2022-01-25T10:51:30Z,817efce8-3d2a-48a1-6d79-8505d24df078,d78e84ec-30aa-3bba-a33a-f29a3a454662,7caa7254-5050-3b5e-9eae-bd5ea30e809c,wellness,162673000,General examination of patient (procedure),136.8,16575.63,13180.86,,
97307176-afdd-efeb-80e1-80978930f4ad,2022-01-25T16:10:36Z,2022-01-25T20:01:36Z,b17ffd11-c8c2-28aa-0c26-8ddc6bc5957d,d78e84ec-30aa-3bba-a33a-f29a3a454662,7caa7254-5050-3b5e-9eae-bd5ea30e809c,ambulatory,185347001,Encounter for problem (procedure),85.55,1748.97,1343.42,,
0526460a-52f0-865c-0f26-8c7ed09f4f97,2022-01-25T17:25:15Z,2022-01-25T17:40:15Z,7c2e1929-8a1a-939b-369b-b2a4bcb55595,d78e84ec-30aa-3bba-a33a-f29a3a454662,7caa7254-5050-3b5e-9eae-bd5ea30e809c,wellness,162673000,General examination of patient (procedure),136.8,2740.33,2192.25,,
b47f7f7b-05fa-e86d-01cf-8fa3955d2817,2022-01-25T23:36:18Z,2022-01-26T23:36:18Z,e2d8e1ed-6f63-54e2-d14e-8346799e92ef,d78e84ec-30aa-3bba-a33a-f29a3a454662,7caa7254-5050-3b5e-9eae-bd5ea30e809c,inpatient,305351004,Admission to intensive care unit (procedure),146.18,0,0,88805009,Chronic congestive heart failure (disorder)
29580d91-1b1c-3e8f-8f5b-4bb89e1077ef,2022-01-26T03:35:32Z,2022-01-26T03:50:32Z,53859bba-1c60-f385-37d1-1140524ae455,d78e84ec-30aa-3bba-a33a-f29a3a454662,b1c428d6-4f07-31e0-90f0-68ffa6ff8c76,outpatient,185347001,Encounter for problem (procedure),85.55,85.55,0,,
4994ccec-c73c-277e-c7bc-a5406534bfeb,2022-01-26T07:12:10Z,2022-01-26T07:27:10Z,7c1c8f58-7e2d-12cd-bcdf-e5bd5b4afebc,d78e84ec-30aa-3bba-a33a-f29a3a454662,b3221cfc-24fb-339e-823d-bc4136cbc4ed,ambulatory,448337001,Telemedicine consultation with patient,142.58,142.58,40.45,88805009,Chronic congestive heart failure (disorder)
ced18c98-541f-d466-dd41-6ac9aa2a24e6,2022-01-26T07:23:21Z,2022-01-26T07:38:21Z,80012d6e-7932-90bd-6dff-d4ef75a1ccc3,d78e84ec-30aa-3bba-a33a-f29a3a454662,b1c428d6-4f07-31e0-90f0-68ffa6ff8c76,outpatient,185349003,Encounter for check up (procedure),85.55,227.18,0,,
2caa309f-3f07-b3ac-de74-851cd7fdee17,2022-01-26T08:24:25Z,2022-01-26T08:39:25Z,b4ab9ab3-f52a-751e-a990-3bd5654d5870,d78e84ec-30aa-3bba-a33a-f29a3a454662,7caa7254-5050-3b5e-9eae-bd5ea30e809c,urgentcare,702927004,Urgent care clinic (procedure),142.58,142.58,82.06,,
85ede31b-10c4-178d-e479-4a0c3f52d6f0,2022-01-26T16:58:48Z,2022-01-26T17:13:48Z,3f523789-55f3-bb31-2757-4803ca6a9c2a,d78e84ec-30aa-3bba-a33a-f29a3a454662,b1c428d6-4f07-31e0-90f0-68ffa6ff8c76,outpatient,185349003,Encounter for check up (procedure),85.55,10776.98,0,,
a5f29bfa-45d9-d95c-944b-15e9be4e8dbb,2022-01-26T17:55:50Z,2022-01-26T18:55:50Z,a31f5105-476f-b129-fb9a-514cf45a34ac,d78e84ec-30aa-3bba-a33a-f29a3a454662,7caa7254-5050-3b5e-9eae-bd5ea30e809c,emergency,50849002,Emergency Encounter,146.18,146.18,84.94,,
0568d2f0-4f9e-89e9-d2ff-0e9f3e42eaa5,2022-01-27T01:31:03Z,2022-01-27T01:46:03Z,7ea6bcc8-754c-3186-a192-d7115497c7ec,d78e84ec-30aa-3bba-a33a-f29a3a454662,6e2f1a2d-27bd-3701-8d08-dae202c58632,wellness,162673000,General examination of patient (procedure),136.8,908.72,255.66,,
2be2e0ec-ebe8-4859-076a-a2e741087f6e,2022-01-27T02:26:41Z,2022-01-27T02:41:41Z,7dc160d1-5a1f-e4ff-3fe0-d2692cd600c2,d78e84ec-30aa-3bba-a33a-f29a3a454662,42c4fca7-f8a9-3cd1-982a-dd9751bf3e2a,outpatient,185349003,Encounter for check up (procedure),85.55,287.89,0,,
f2e3028a-241e-d7fe-95f0-1fab4d4b16c6,2022-01-27T02:46:05Z,2022-01-27T03:01:05Z,381e16cd-86c8-d369-cd76-2dd9e0b5faf5,d78e84ec-30aa-3bba-a33a-f29a3a454662,7caa7254-5050-3b5e-9eae-bd5ea30e809c,outpatient,185349003,Encounter for check up (procedure),85.55,573.68,314.57,,
07e816e1-a247-53a2-5733-35073672ec04,2022-01-28T00:42:06Z,2022-01-28T00:57:06Z,0c122290-8c15-77ac-b418-2fea4e8a8e6a,d78e84ec-30aa-3bba-a33a-f29a3a454662,7c4411ce-02f1-39b5-b9ec-dfbea9ad3c1a,ambulatory,185345009,Encounter for symptom,85.55,85.55,24.27,444814009,Viral sinusitis (disorder)
7f1ef0f5-30bd-44b3-8225-2b988078563b,2022-01-28T07:12:10Z,2022-01-28T07:27:10Z,7c1c8f58-7e2d-12cd-bcdf-e5bd5b4afebc,d78e84ec-30aa-3bba-a33a-f29a3a454662,b3221cfc-24fb-339e-823d-bc4136cbc4ed,ambulatory,448337001,Telemedicine consultation with patient,142.58,142.58,40.45,88805009,Chronic congestive heart failure (disorder)
93cfd731-2064-3346-8c93-2d0f442a0e9b,2022-01-28T07:13:29Z,2022-01-28T07:28:29Z,f3979e92-6b6c-67a0-aed9-6e07072cfaa6,d78e84ec-30aa-3bba-a33a-f29a3a454662,7caa7254-5050-3b5e-9eae-bd5ea30e809c,outpatient,185349003,Encounter for check up (procedure),85.55,8111.24,6337.18,,
cbc4aa02-ff77-81e6-e181-c49607258ad6,2022-01-28T13:12:16Z,2022-01-28T13:27:16Z,f543e999-394f-90f3-70d4-fea38b0d6786,d78e84ec-30aa-3bba-a33a-f29a3a454662,7caa7254-5050-3b5e-9eae-bd5ea30e809c,wellness,162673000,General examination of patient (procedure),136.8,25399.37,20235.27,,
88a7d669-3b67-1ac4-d9f6-10b1e369dd69,2022-01-28T20:01:36Z,2022-01-28T23:54:36Z,b17ffd11-c8c2-28aa-0c26-8ddc6bc5957d,d78e84ec-30aa-3bba-a33a-f29a3a454662,7caa7254-5050-3b5e-9eae-bd5ea30e809c,ambulatory,185347001,Encounter for problem (procedure),85.55,955.02,708.42,,
2de8a9d4-48a6-af90-bfad-2c7acd523054,2022-01-28T23:41:33Z,2022-01-28T23:56:33Z,12e05e42-1c47-1284-9c84-b1c242839fc3,d78e84ec-30aa-3bba-a33a-f29a3a454662,7caa7254-5050-3b5e-9eae-bd5ea30e809c,urgentcare,702927004,Urgent care clinic (procedure),142.58,142.58,82.06,,
95c24a94-6659-9ed2-55a0-53fed6d890ac,2022-01-29T06:19:36Z,2022-01-29T07:19:36Z,b17ffd11-c8c2-28aa-0c26-8ddc6bc5957d,d78e84ec-30aa-3bba-a33a-f29a3a454662,7caa7254-5050-3b5e-9eae-bd5ea30e809c,emergency,50849002,Emergency Encounter,146.18,146.18,84.94,,
917bb534-2ed3-e1f5-ac27-74f314d19c63,2022-01-29T11:42:06Z,2022-01-29T11:57:06Z,0c122290-8c15-77ac-b418-2fea4e8a8e6a,d78e84ec-30aa-3bba-a33a-f29a3a454662,7c4411ce-02f1-39b5-b9ec-dfbea9ad3c1a,outpatient,185349003,Encounter for check up (procedure),85.55,85.55,24.27,,
07710480-9d6b-9c9b-87c3-c1d54df4069d,2022-01-29T20:12:53Z,2022-01-29T20:27:53Z,20a4bc24-6b69-2f5c-dc74-1df390cae25b,d78e84ec-30aa-3bba-a33a-f29a3a454662,7caa7254-5050-3b5e-9eae-bd5ea30e809c,urgentcare,702927004,Urgent care clinic (procedure),142.58,10588.34,8438.67,,
01b57f06-cebe-a3e4-4423-a796ffb0c35d,2022-01-29T20:35:37Z,2022-01-29T20:50:37Z,ff1b3c26-53a6-4590-ce79-a3f7269274ea,d78e84ec-30aa-3bba-a33a-f29a3a454662,b1c428d6-4f07-31e0-90f0-68ffa6ff8c76,ambulatory,424619006,Prenatal visit,142.58,11984.29,0,72892002,Normal pregnancy
7d435668-0813-eb3b-0f26-cb741fb39561,2022-01-29T20:35:37Z,2022-01-29T20:50:37Z,ff1b3c26-53a6-4590-ce79-a3f7269274ea,d78e84ec-30aa-3bba-a33a-f29a3a454662,b1c428d6-4f07-31e0-90f0-68ffa6ff8c76,wellness,162673000,General examination of patient (procedure),136.8,408.8,0,,
64dfd3ce-7123-fa23-ec24-f74b492553e2,2022-02-05T20:27:36Z,2022-02-05T20:42:36Z,e2d8e1ed-6f63-54e2-d14e-8346799e92ef,d78e84ec-30aa-3bba-a33a-f29a3a454662,7caa7254-5050-3b5e-9eae-bd5ea30e809c,wellness,308646001,Death Certification,136.8,0,0,88805009,Chronic congestive heart failure (disorder)